{
  "fold_0": {
    "risk_7d": {
      "n_samples": 260,
      "positive_rate": 0.47692307692307695,
      "auroc": 0.9341496679316889,
      "auprc": 0.9388671480964464,
      "brier": 0.07456372812707654,
      "accuracy": 0.9115384615384615,
      "precision": 0.9719626168224299,
      "recall": 0.8387096774193549,
      "f1": 0.9004329004329005
    },
    "event_type_7d": {
      "n_samples": 124,
      "accuracy": 0.6532258064516129,
      "macro_f1": 0.6643644707259232,
      "weighted_f1": 0.6620686083698694,
      "top2_accuracy": 0.9354838709677419,
      "confusion_matrix": [
        [
          12,
          6,
          0
        ],
        [
          2,
          47,
          25
        ],
        [
          0,
          10,
          22
        ]
      ]
    },
    "social_vol_7d": {
      "n_samples": 260,
      "rmse": 0.21079288834881857,
      "mae": 0.17186775072256785,
      "spearman": 0.3575907855826985,
      "pearson": 0.36956941916854724,
      "r2": 0.10680336550583991
    },
    "risk_14d": {
      "n_samples": 260,
      "positive_rate": 0.5423076923076923,
      "auroc": 0.8885809643006138,
      "auprc": 0.8926056674021724,
      "brier": 0.10988617979242978,
      "accuracy": 0.8538461538461538,
      "precision": 0.9813084112149533,
      "recall": 0.7446808510638298,
      "f1": 0.8467741935483871
    },
    "event_type_14d": {
      "n_samples": 141,
      "accuracy": 0.5673758865248227,
      "macro_f1": 0.5805412327705322,
      "weighted_f1": 0.5773793928286406,
      "top2_accuracy": 0.851063829787234,
      "confusion_matrix": [
        [
          12,
          11,
          0
        ],
        [
          0,
          48,
          31
        ],
        [
          0,
          19,
          20
        ]
      ]
    },
    "social_vol_14d": {
      "n_samples": 260,
      "rmse": 0.22698127040753657,
      "mae": 0.1873000357083033,
      "spearman": 0.05035284165421131,
      "pearson": 0.060823640202844385,
      "r2": -0.21821202462868183
    },
    "risk_30d": {
      "n_samples": 260,
      "positive_rate": 0.6576923076923077,
      "auroc": 0.886194887968986,
      "auprc": 0.9314201354746586,
      "brier": 0.11881003876759844,
      "accuracy": 0.823076923076923,
      "precision": 0.8787878787878788,
      "recall": 0.847953216374269,
      "f1": 0.8630952380952381
    },
    "event_type_30d": {
      "n_samples": 171,
      "accuracy": 0.5380116959064327,
      "macro_f1": 0.26972470554846034,
      "weighted_f1": 0.4248373701388422,
      "top2_accuracy": 0.8304093567251462,
      "confusion_matrix": [
        [
          0,
          0,
          29
        ],
        [
          0,
          91,
          0
        ],
        [
          0,
          50,
          1
        ]
      ]
    },
    "social_vol_30d": {
      "n_samples": 260,
      "rmse": 0.24191154900280265,
      "mae": 0.21312467400971224,
      "spearman": 0.1610222506784791,
      "pearson": 0.11826199064667316,
      "r2": -0.4280285366935246
    }
  },
  "fold_1": {
    "risk_7d": {
      "n_samples": 260,
      "positive_rate": 0.22692307692307692,
      "auroc": 0.8695927143941311,
      "auprc": 0.7862537629147411,
      "brier": 0.060722630173564766,
      "accuracy": 0.9346153846153846,
      "precision": 0.9565217391304348,
      "recall": 0.7457627118644068,
      "f1": 0.8380952380952381
    },
    "event_type_7d": {
      "n_samples": 59,
      "accuracy": 0.711864406779661,
      "macro_f1": 0.54317998385795,
      "weighted_f1": 0.8232855911683834,
      "top2_accuracy": 0.8983050847457628,
      "confusion_matrix": [
        [
          15,
          0,
          12
        ],
        [
          0,
          27,
          5
        ],
        [
          0,
          0,
          0
        ]
      ]
    },
    "social_vol_7d": {
      "n_samples": 260,
      "rmse": 0.21174452784651931,
      "mae": 0.17113798915930772,
      "spearman": 0.30491358141858044,
      "pearson": 0.4196717443751677,
      "r2": 0.17496089665403747
    },
    "risk_14d": {
      "n_samples": 260,
      "positive_rate": 0.2923076923076923,
      "auroc": 0.8609839816933639,
      "auprc": 0.7646954738407021,
      "brier": 0.09714856153301141,
      "accuracy": 0.8807692307692307,
      "precision": 0.8571428571428571,
      "recall": 0.7105263157894737,
      "f1": 0.7769784172661871
    },
    "event_type_14d": {
      "n_samples": 76,
      "accuracy": 0.5921052631578947,
      "macro_f1": 0.4855715871254162,
      "weighted_f1": 0.7316359016297681,
      "top2_accuracy": 0.8421052631578947,
      "confusion_matrix": [
        [
          16,
          0,
          21
        ],
        [
          0,
          29,
          10
        ],
        [
          0,
          0,
          0
        ]
      ]
    },
    "social_vol_14d": {
      "n_samples": 260,
      "rmse": 0.23870332684579135,
      "mae": 0.1953297185661396,
      "spearman": 0.1424863601980816,
      "pearson": 0.27723637142393887,
      "r2": 0.02693477695257418
    },
    "risk_30d": {
      "n_samples": 260,
      "positive_rate": 0.46923076923076923,
      "auroc": 0.8186920883820386,
      "auprc": 0.7966610456424585,
      "brier": 0.16401912402127586,
      "accuracy": 0.7576923076923077,
      "precision": 0.8470588235294118,
      "recall": 0.5901639344262295,
      "f1": 0.6956521739130435
    },
    "event_type_30d": {
      "n_samples": 122,
      "accuracy": 0.5163934426229508,
      "macro_f1": 0.34054054054054056,
      "weighted_f1": 0.35170580416482056,
      "top2_accuracy": 0.5163934426229508,
      "confusion_matrix": [
        [
          0,
          59
        ],
        [
          0,
          63
        ]
      ]
    },
    "social_vol_30d": {
      "n_samples": 260,
      "rmse": 0.2295555287363164,
      "mae": 0.20545446370346268,
      "spearman": 0.4714121656867887,
      "pearson": 0.462168234358346,
      "r2": 0.20142983240780976
    }
  },
  "fold_2": {
    "risk_7d": {
      "n_samples": 262,
      "positive_rate": 0.22519083969465647,
      "auroc": 0.8348918760958505,
      "auprc": 0.6783922920083815,
      "brier": 0.09165902499591544,
      "accuracy": 0.8931297709923665,
      "precision": 0.918918918918919,
      "recall": 0.576271186440678,
      "f1": 0.7083333333333334
    },
    "event_type_7d": {
      "n_samples": 59,
      "accuracy": 0.8135593220338984,
      "macro_f1": 0.4485981308411215,
      "weighted_f1": 0.7299223823855536,
      "top2_accuracy": 1.0,
      "confusion_matrix": [
        [
          48,
          0
        ],
        [
          11,
          0
        ]
      ]
    },
    "social_vol_7d": {
      "n_samples": 262,
      "rmse": 0.22557857916080856,
      "mae": 0.18921403454235974,
      "spearman": 0.03535905995378823,
      "pearson": 0.08920237501260174,
      "r2": -0.004965604758910613
    },
    "risk_14d": {
      "n_samples": 262,
      "positive_rate": 0.31297709923664124,
      "auroc": 0.8669715447154472,
      "auprc": 0.720934599135121,
      "brier": 0.12567128699611624,
      "accuracy": 0.8015267175572519,
      "precision": 0.8947368421052632,
      "recall": 0.4146341463414634,
      "f1": 0.5666666666666667
    },
    "event_type_14d": {
      "n_samples": 82,
      "accuracy": 0.8048780487804879,
      "macro_f1": 0.44594594594594594,
      "weighted_f1": 0.7178642056690837,
      "top2_accuracy": 1.0,
      "confusion_matrix": [
        [
          66,
          0
        ],
        [
          16,
          0
        ]
      ]
    },
    "social_vol_14d": {
      "n_samples": 262,
      "rmse": 0.2126271890267303,
      "mae": 0.17483801241050148,
      "spearman": 0.1279364651535901,
      "pearson": 0.1589537252560654,
      "r2": -0.011408535680481391
    },
    "risk_30d": {
      "n_samples": 262,
      "positive_rate": 0.45038167938931295,
      "auroc": 0.7585922787193974,
      "auprc": 0.7050491540975778,
      "brier": 0.18598233081157195,